"Дата","Цена","Откр.","Макс.","Мин.","Объём","Изм. %"
"06.09.2023","97,7648","97,9050","98,3367","97,4246","","-0,14%"
"05.09.2023","97,9050","96,8700","97,9050","96,8700","","1,07%"
"04.09.2023","96,8700","96,0900","96,9349","96,0900","","0,81%"
"01.09.2023","96,0900","96,0250","96,7041","95,8468","","0,07%"
"31.08.2023","96,0250","96,2200","96,6450","95,7018","","-0,20%"
"30.08.2023","96,2200","95,4575","96,2200","95,4575","","0,80%"
"29.08.2023","95,4575","95,3100","96,2570","95,2782","","0,15%"
"28.08.2023","95,3100","95,4175","95,8549","95,0966","","-0,11%"
"25.08.2023","95,4175","94,8650","95,5275","94,5048","","0,58%"
"24.08.2023","94,8650","94,2600","94,8650","94,2285","","0,64%"
"23.08.2023","94,2600","94,3025","94,9618","93,9382","","-0,05%"
"22.08.2023","94,3025","93,6550","94,5395","93,5825","","0,69%"
"21.08.2023","93,6550","93,7550","94,6648","93,0877","","-0,11%"
"18.08.2023","93,7550","93,7725","93,9512","92,6350","","-0,02%"
"17.08.2023","93,7725","94,6650","95,4195","92,5894","","-0,94%"
"16.08.2023","94,6650","97,0900","97,4927","94,3075","","-2,50%"
"15.08.2023","97,0900","97,6625","99,1851","95,1638","","-0,59%"
"14.08.2023","97,6625","99,4300","101,7356","97,3123","","-1,78%"
"11.08.2023","99,4300","97,4575","99,4300","97,4575","","2,02%"
"10.08.2023","97,4575","97,2000","97,8485","96,5125","","0,26%"
"09.08.2023","97,2000","97,1000","98,0478","96,7425","","0,10%"
"08.08.2023","97,1000","95,2750","97,4032","95,2750","","1,92%"
"07.08.2023","95,2750","95,6850","97,0205","95,1341","","-0,43%"
"04.08.2023","95,6850","94,9875","96,2330","94,2018","","0,73%"
"03.08.2023","94,9875","94,1600","94,9875","93,4195","","0,88%"
"02.08.2023","94,1600","92,3300","94,2616","92,0114","","1,98%"
"01.08.2023","92,3300","91,6025","92,4900","91,4490","","0,79%"
"31.07.2023","91,6025","91,7075","92,5983","91,2202","","-0,11%"
"28.07.2023","91,7075","90,5975","91,8182","90,3127","","1,23%"
"27.07.2023","90,5975","90,1550","90,6989","89,7855","","0,49%"
"26.07.2023","90,1550","90,1300","90,4875","89,9389","","0,03%"
"25.07.2023","90,1300","90,5025","90,5025","89,8655","","-0,41%"
"24.07.2023","90,5025","90,9200","91,1178","90,1961","","-0,46%"
"21.07.2023","90,9200","90,2300","91,0145","90,0340","","0,76%"
"20.07.2023","90,2300","91,3975","91,3975","90,2300","","-1,28%"
"19.07.2023","91,3975","90,9000","91,4170","90,8224","","0,55%"
"18.07.2023","90,9000","91,0000","91,1200","90,4764","","-0,11%"
"17.07.2023","91,0000","90,0600","91,0775","90,0600","","1,04%"
"14.07.2023","90,0600","90,1125","90,4033","89,7240","","-0,06%"
"13.07.2023","90,1125","90,8725","91,3068","89,7774","","-0,84%"
"12.07.2023","90,8725","90,3825","90,9073","90,0325","","0,54%"
"11.07.2023","90,3825","90,4150","91,0245","89,8354","","-0,04%"
"10.07.2023","90,4150","91,2500","91,9686","90,3394","","-0,92%"
"07.07.2023","91,2500","92,2975","92,2975","90,9548","","-1,13%"
"06.07.2023","92,2975","91,0000","93,7452","90,7407","","1,43%"
"05.07.2023","91,0000","89,1800","91,1715","89,1800","","2,04%"
"04.07.2023","89,1800","88,7000","90,1590","88,2854","","0,54%"
"03.07.2023","88,7000","89,5500","89,6811","88,3425","","-0,95%"
"30.06.2023","89,5500","87,5700","89,6863","87,3867","","2,26%"
"29.06.2023","87,5700","86,3725","87,5700","86,1084","","1,39%"
"28.06.2023","86,3725","85,0600","86,5179","84,8939","","1,54%"
"27.06.2023","85,0600","85,0875","85,2651","84,5000","","-0,03%"
"26.06.2023","85,0875","84,7000","86,7665","84,2534","","0,46%"
"23.06.2023","84,7000","84,0500","84,8393","83,6478","","0,77%"
"22.06.2023","84,0500","83,9800","84,1091","83,4474","","0,08%"
"21.06.2023","83,9800","84,7850","84,9500","83,6988","","-0,95%"
"20.06.2023","84,7850","84,1425","84,7850","84,0432","","0,76%"
"19.06.2023","84,1425","84,1375","84,5559","83,7451","","0,01%"
"16.06.2023","84,1375","83,7500","84,2392","83,4838","","0,46%"
"15.06.2023","83,7500","84,1650","84,7232","83,3307","","-0,49%"
"14.06.2023","84,1650","84,3000","85,0190","83,7850","","-0,16%"
"13.06.2023","84,3000","82,6350","84,3157","82,6350","","2,01%"
"09.06.2023","82,6350","82,5975","83,0240","82,2650","","0,05%"
"08.06.2023","82,5975","81,9800","82,7439","81,8241","","0,75%"
"07.06.2023","81,9800","81,4025","81,9800","81,3075","","0,71%"
"06.06.2023","81,4025","80,9525","81,6457","80,8928","","0,56%"
"05.06.2023","80,9525","81,5000","81,9100","80,7533","","-0,67%"
"02.06.2023","81,5000","80,7575","81,5115","80,6331","","0,92%"
"01.06.2023","80,7575","81,1025","81,1665","80,4990","","-0,43%"
"31.05.2023","81,1025","81,1500","81,2771","80,8233","","-0,06%"
"30.05.2023","81,1500","80,8300","81,3508","80,2113","","0,40%"
"29.05.2023","80,8300","80,0600","80,8826","79,9074","","0,96%"
"26.05.2023","80,0600","80,1675","80,2450","79,8262","","-0,13%"
"25.05.2023","80,1675","80,1475","80,3325","79,7440","","0,02%"
"24.05.2023","80,1475","80,1350","80,3300","79,8659","","0,02%"
"23.05.2023","80,1350","80,1500","80,4673","79,8405","","-0,02%"
"22.05.2023","80,1500","80,0000","80,1500","79,7870","","0,19%"
"19.05.2023","80,0000","80,2225","80,5665","79,6575","","-0,28%"
"18.05.2023","80,2225","79,8625","80,4712","79,4980","","0,45%"
"17.05.2023","79,8625","80,3950","81,0500","79,7858","","-0,66%"
"16.05.2023","80,3950","79,1525","80,5225","79,1525","","1,57%"
"15.05.2023","79,1525","77,9200","79,4978","77,8825","","1,58%"
"12.05.2023","77,9200","76,9000","77,9793","76,2400","","1,33%"
"11.05.2023","76,9000","76,0575","77,2017","75,2510","","1,11%"
"10.05.2023","76,0575","78,1875","78,1875","75,8770","","-2,72%"
"08.05.2023","78,1875","77,3800","78,4860","76,6700","","1,04%"
"05.05.2023","77,3800","78,0500","78,2116","76,3419","","-0,86%"
"04.05.2023","78,0500","79,2050","79,4300","77,7300","","-1,46%"
"03.05.2023","79,2050","79,6200","80,0014","78,9280","","-0,52%"
"02.05.2023","79,6200","80,2500","80,5883","79,5907","","-0,79%"
"28.04.2023","80,2500","81,3325","81,6267","79,0745","","-1,33%"
"27.04.2023","81,3325","81,6175","81,9867","81,1873","","-0,35%"
"26.04.2023","81,6211","81,6175","81,7392","81,4957","","0,00%"
"25.04.2023","81,6175","81,3300","81,6798","81,1891","","0,35%"
"24.04.2023","81,3300","81,7000","81,8250","80,8718","","-0,45%"
"21.04.2023","81,7000","81,5550","81,7851","81,2685","","0,18%"
"20.04.2023","81,5550","81,8975","81,8975","81,2974","","-0,42%"
"19.04.2023","81,8975","81,4500","81,9012","81,4500","","0,55%"
"18.04.2023","81,4500","81,4025","81,9180","81,2403","","0,06%"
"17.04.2023","81,4025","81,7900","82,2000","81,1904","","-0,47%"
"14.04.2023","81,7900","81,4000","81,9050","81,2068","","0,48%"
"13.04.2023","81,4000","81,9500","82,0650","81,2838","","-0,67%"
"12.04.2023","81,9500","81,9650","82,3915","81,8105","","-0,02%"
"11.04.2023","81,9650","81,6125","82,5355","81,6125","","0,43%"
"10.04.2023","81,6125","81,1275","82,0957","80,9305","","0,60%"
"07.04.2023","81,1275","81,3750","83,4458","80,7848","","-0,30%"
"06.04.2023","81,3750","79,8350","81,3938","79,7525","","1,93%"
"05.04.2023","79,8350","79,5200","79,8558","79,2021","","0,40%"
"04.04.2023","79,5200","78,7400","79,5670","78,7360","","0,99%"
"03.04.2023","78,7400","77,5975","78,8300","77,3763","","1,47%"
"31.03.2023","77,5975","77,0800","77,9058","76,9227","","0,67%"
"30.03.2023","77,0800","77,1550","77,3023","76,8978","","-0,10%"
"29.03.2023","77,1550","76,9000","77,2000","76,6865","","0,33%"
"28.03.2023","76,9000","76,6800","77,0200","76,3272","","0,29%"
"27.03.2023","76,6800","77,0750","77,2142","76,4442","","-0,51%"
"24.03.2023","77,0750","76,0000","77,1211","76,0000","","1,41%"
"23.03.2023","76,0000","77,0575","77,0575","75,7403","","-1,37%"
"22.03.2023","77,0575","76,6600","77,0915","76,6600","","0,52%"
"21.03.2023","76,6600","77,1700","77,3062","76,6300","","-0,66%"
"20.03.2023","77,1700","77,0600","77,7475","76,5646","","0,14%"
"17.03.2023","77,0600","76,4000","77,1398","76,2675","","0,86%"
"16.03.2023","76,4000","75,9850","77,2898","75,9550","","0,55%"
"15.03.2023","75,9850","75,3200","76,1975","75,1800","","0,88%"
"14.03.2023","75,3200","75,0000","75,4848","74,9727","","0,43%"
"13.03.2023","75,0000","76,1000","76,1000","74,8906","","-1,45%"
"10.03.2023","76,1000","75,8450","76,1023","75,7950","","0,34%"
"09.03.2023","75,8450","76,0225","76,1650","75,6121","","-0,23%"
"07.03.2023","76,0225","75,4450","76,1022","75,2405","","0,77%"
"06.03.2023","75,4450","75,6325","75,8785","75,2528","","-0,25%"
"03.03.2023","75,6325","75,3175","75,7500","75,3000","","0,42%"
"02.03.2023","75,3175","75,1500","75,6549","75,1000","","0,22%"
"01.03.2023","75,1500","74,9700","75,4090","74,8825","","0,24%"
"28.02.2023","74,9700","74,6025","75,2417","73,9995","","0,49%"
"27.02.2023","74,6025","76,1300","76,4350","74,5615","","-2,01%"
"24.02.2023","76,1300","75,0000","76,3333","74,9515","","1,51%"
"22.02.2023","75,0000","75,0475","75,2175","74,3786","","-0,06%"
"21.02.2023","75,0475","74,5000","75,1298","74,4775","","0,73%"
"20.02.2023","74,5000","74,2900","74,8575","73,6030","","0,28%"
"17.02.2023","74,2900","74,8550","75,2445","73,9569","","-0,75%"
"16.02.2023","74,8550","74,5725","74,8878","74,5338","","0,38%"
"15.02.2023","74,5725","73,8000","74,6423","73,7606","","1,05%"
"14.02.2023","73,8000","73,8250","73,9813","73,0566","","-0,03%"
"13.02.2023","73,8250","73,3900","73,8677","73,2064","","0,59%"
"10.02.2023","73,3900","73,0000","73,3915","72,5439","","0,53%"
"09.02.2023","73,0000","72,3025","73,3815","72,3025","","0,96%"
"08.02.2023","72,3025","71,1500","72,3487","70,9218","","1,62%"
"07.02.2023","71,1500","70,9500","71,2275","70,7279","","0,28%"
"06.02.2023","70,9500","70,6000","71,1230","70,4465","","0,50%"
"03.02.2023","70,6000","70,4550","70,7910","70,2553","","0,21%"
"02.02.2023","70,4550","70,1975","70,4724","69,8076","","0,37%"
"01.02.2023","70,1975","69,8200","70,4055","69,8200","","0,54%"
"31.01.2023","69,8200","70,4050","70,8075","69,7975","","-0,83%"
"30.01.2023","70,4050","69,4600","70,4050","69,3369","","1,36%"
"27.01.2023","69,4600","69,2650","69,5218","69,2075","","0,28%"
"26.01.2023","69,2650","69,3050","69,7000","68,8293","","-0,06%"
"25.01.2023","69,3050","69,0000","69,3050","68,7838","","0,44%"
"24.01.2023","69,0000","68,9250","69,1529","68,6653","","0,11%"
"23.01.2023","68,9250","68,8300","68,9384","68,4892","","0,14%"
"20.01.2023","68,8300","68,8000","68,9388","68,5173","","0,04%"
"19.01.2023","68,8000","68,7475","69,1108","68,7251","","0,08%"
"18.01.2023","68,7475","69,1500","69,7518","68,7093","","-0,58%"
"17.01.2023","69,1500","68,4300","69,3635","68,3305","","1,05%"
"16.01.2023","68,4300","68,7875","69,1300","67,7973","","-0,52%"
"13.01.2023","68,7875","67,7575","68,8976","67,0998","","1,52%"
"12.01.2023","67,7575","68,7325","68,9675","67,5551","","-1,42%"
"11.01.2023","68,7325","69,8000","70,3800","68,3047","","-1,53%"
"10.01.2023","69,8000","69,9900","70,1041","69,2570","","-0,27%"
"09.01.2023","69,9900","72,1225","72,2475","69,3477","","-2,96%"
"06.01.2023","72,1225","72,1800","72,4513","71,5293","","-0,08%"
"05.01.2023","72,1800","72,0000","72,2401","71,0625","","0,25%"
"04.01.2023","72,0000","71,1375","72,1262","71,0284","","1,21%"
"03.01.2023","71,1375","69,9000","71,4645","69,7025","","1,77%"
"30.12.2022","69,9000","72,1750","72,5400","68,6832","","-3,15%"
"29.12.2022","72,1750","72,1900","72,8524","70,9903","","-0,02%"
"28.12.2022","72,1900","70,4000","72,2301","70,4000","","2,54%"
"27.12.2022","70,4000","69,2900","71,3950","68,3070","","1,60%"
"26.12.2022","69,2900","70,2000","70,3063","67,9992","","-1,30%"
"23.12.2022","70,2000","68,9500","70,2979","67,5145","","1,81%"
"22.12.2022","68,9500","70,9950","72,4985","68,6297","","-2,88%"
"21.12.2022","70,9950","68,8750","70,9950","68,8750","","3,08%"
"20.12.2022","68,8750","67,7200","69,4175","67,2050","","1,71%"
"19.12.2022","67,7200","64,6500","68,3453","64,6500","","4,75%"
"16.12.2022","64,6500","64,3525","64,7940","64,3525","","0,46%"
"15.12.2022","64,3525","63,9950","64,9450","63,8690","","0,56%"
"14.12.2022","63,9950","62,8500","64,1521","62,8500","","1,82%"
"13.12.2022","62,8500","62,8000","63,3098","62,8000","","0,08%"
"12.12.2022","62,8000","62,4300","63,0396","62,4030","","0,59%"
"09.12.2022","62,4300","62,7725","62,8500","62,2308","","-0,55%"
"08.12.2022","62,7725","62,7500","63,0425","62,3190","","0,04%"
"07.12.2022","62,7500","63,0850","63,3230","62,7104","","-0,53%"
"06.12.2022","63,0850","62,3500","63,2792","62,3500","","1,18%"
"05.12.2022","62,3500","62,0000","62,5468","61,6159","","0,56%"
"02.12.2022","62,0000","61,4900","62,0436","61,4000","","0,83%"
"01.12.2022","61,4900","60,9900","61,4975","60,8200","","0,82%"
"30.11.2022","60,9900","61,0225","61,0645","60,7048","","-0,05%"
"29.11.2022","61,0225","61,2275","61,3702","60,7775","","-0,33%"
"28.11.2022","61,2275","60,5025","61,2480","60,5025","","1,20%"
"25.11.2022","60,5025","60,6725","60,7163","60,3939","","-0,28%"
"24.11.2022","60,6725","60,7000","60,8075","60,3118","","-0,05%"
"23.11.2022","60,7000","60,6825","60,8072","60,3666","","0,03%"
"22.11.2022","60,6825","60,8500","61,0275","60,4249","","-0,28%"
"21.11.2022","60,8500","60,4025","60,9844","60,4025","","0,74%"
"18.11.2022","60,4025","60,5300","60,7400","60,2806","","-0,21%"
"17.11.2022","60,5300","60,3500","60,5475","60,3181","","0,30%"
"16.11.2022","60,3500","60,4000","60,6760","60,0444","","-0,08%"
"15.11.2022","60,4000","60,5500","60,6900","60,1034","","-0,25%"
"14.11.2022","60,5500","60,5375","60,6823","60,2168","","0,02%"
"11.11.2022","60,5375","60,5300","60,8521","59,9835","","0,01%"
"10.11.2022","60,5300","61,3100","61,8225","60,3753","","-1,27%"
"09.11.2022","61,3100","60,9925","61,3999","60,8250","","0,52%"
"08.11.2022","60,9925","61,0000","61,2500","60,7183","","-0,01%"
"07.11.2022","61,0000","62,1000","62,1175","60,9166","","-1,77%"
"03.11.2022","62,1000","61,8000","62,3590","61,8000","","0,49%"
"02.11.2022","61,8000","61,2375","61,8000","61,2375","","0,92%"
"01.11.2022","61,2375","61,4775","61,8200","61,0954","","-0,39%"
"31.10.2022","61,4775","61,5200","61,8693","61,2993","","-0,07%"
"28.10.2022","61,5200","61,7250","61,8275","61,2838","","-0,33%"
"27.10.2022","61,7250","61,7500","61,8600","61,1660","","-0,04%"
"26.10.2022","61,7500","61,4875","61,9400","61,1405","","0,43%"
"25.10.2022","61,4875","61,1850","61,5965","61,1698","","0,49%"
"24.10.2022","61,1850","61,2900","61,5775","60,9083","","-0,17%"
"21.10.2022","61,2900","61,4000","61,6950","60,7805","","-0,18%"
"20.10.2022","61,4000","61,7350","62,0484","61,1713","","-0,54%"
"19.10.2022","61,7350","61,5750","61,8785","61,2025","","0,26%"
"18.10.2022","61,5750","61,6500","62,3000","61,4728","","-0,12%"
"17.10.2022","61,6500","62,1075","62,5700","61,4185","","-0,74%"
"14.10.2022","62,1075","63,6300","63,7123","61,7038","","-2,39%"
"13.10.2022","63,6300","64,4200","64,4200","62,9249","","-1,23%"
"12.10.2022","64,4200","63,6600","64,9150","63,2050","","1,19%"
"11.10.2022","63,6600","62,6900","64,4728","62,6900","","1,55%"
"10.10.2022","62,6900","61,0025","62,9785","61,0025","","2,77%"
"07.10.2022","61,0025","60,9025","61,6565","60,4000","","0,16%"
"06.10.2022","60,9025","60,1725","60,9580","59,6699","","1,21%"
"05.10.2022","60,1725","58,9500","60,3804","57,7076","","2,07%"
"04.10.2022","58,9500","58,8600","59,3972","58,4000","","0,15%"
"03.10.2022","58,8600","58,4500","59,6249","56,9074","","0,70%"
"30.09.2022","58,4500","57,2100","58,5885","53,2875","","2,17%"
"29.09.2022","57,2100","57,5400","58,1412","56,5970","","-0,57%"
"28.09.2022","57,5400","58,4575","58,8925","57,3346","","-1,57%"
"27.09.2022","58,4575","58,3950","58,9375","57,9148","","0,11%"
"26.09.2022","58,3950","57,9200","58,9225","57,3025","","0,82%"
"23.09.2022","57,9200","58,8400","60,1500","56,6899","","-1,56%"
"22.09.2022","58,8400","60,6900","61,1550","58,5745","","-3,05%"
"21.09.2022","60,6900","60,6000","62,5799","60,2901","","0,15%"
"20.09.2022","60,6000","60,1600","60,6000","59,9071","","0,73%"
"19.09.2022","60,1600","60,2750","60,5989","59,9634","","-0,19%"
"16.09.2022","60,2750","59,8000","60,2959","59,8000","","0,79%"
"15.09.2022","59,8000","59,8850","60,2469","59,4888","","-0,14%"
"14.09.2022","59,8850","59,9000","60,1035","59,5775","","-0,03%"
"13.09.2022","59,9000","60,2400","60,5117","59,6593","","-0,56%"
"12.09.2022","60,2400","60,7339","60,7428","60,1528","","-0,59%"
"09.09.2022","60,6000","60,7300","60,7300","60,2903","","-0,21%"
"08.09.2022","60,7300","60,7900","61,0966","60,5256","","-0,10%"
"07.09.2022","60,7900","61,2350","61,5155","60,7765","","-0,73%"
"06.09.2022","61,2350","60,8700","61,2350","60,6213","","0,60%"
"05.09.2022","60,8700","60,5800","61,4041","60,3124","","0,48%"
"02.09.2022","60,5800","60,3100","60,8472","60,2268","","0,45%"
"01.09.2022","60,3100","60,2300","60,4374","60,0098","","0,13%"
"31.08.2022","60,2300","59,9400","60,6308","59,6524","","0,48%"
"30.08.2022","59,9400","60,3975","60,5868","59,8564","","-0,76%"
"29.08.2022","60,3975","60,5000","60,6310","60,0958","","-0,17%"
"26.08.2022","60,5000","60,1450","60,5000","59,7847","","0,59%"
"25.08.2022","60,1450","59,8875","60,2364","59,5653","","0,43%"
"24.08.2022","59,8875","59,8900","60,1464","59,7686","","0,00%"
"23.08.2022","59,8900","59,8700","60,3860","59,6211","","0,03%"
"22.08.2022","59,8700","59,1000","60,1059","59,1000","","1,30%"
"19.08.2022","59,1000","59,5325","59,5530","58,2493","","-0,73%"
"18.08.2022","59,5325","60,7500","60,7869","58,9125","","-2,00%"
"17.08.2022","60,7500","60,9000","61,1796","60,0635","","-0,25%"
"16.08.2022","60,9000","61,2250","61,6147","60,5981","","-0,53%"
"15.08.2022","61,2250","60,6050","61,6680","60,6033","","1,02%"
"12.08.2022","60,6050","60,6700","61,0475","60,2505","","-0,11%"
"11.08.2022","60,6700","60,6650","60,7805","60,5558","","0,01%"
"10.08.2022","60,6650","60,1475","60,6874","60,1200","","0,86%"
"09.08.2022","60,1475","60,7550","60,7625","60,0869","","-1,00%"
"08.08.2022","60,7550","60,5800","60,9024","59,9250","","0,29%"
"05.08.2022","60,5800","60,3500","60,6127","60,0944","","0,38%"
"04.08.2022","60,3500","60,5800","60,8415","60,0577","","-0,38%"
"03.08.2022","60,5800","60,2950","60,6841","59,8845","","0,47%"
"02.08.2022","60,2950","60,1700","60,4703","59,5675","","0,21%"
"01.08.2022","60,1700","61,6200","62,6401","59,4574","","-2,35%"
"29.07.2022","61,6200","60,8200","62,2426","60,5667","","1,32%"
"28.07.2022","60,8200","59,8800","61,2376","59,3097","","1,57%"
"27.07.2022","59,8800","60,5500","61,0269","59,1285","","-1,11%"
"26.07.2022","60,5500","58,1100","61,0275","58,0695","","4,20%"
"25.07.2022","58,1100","57,2900","58,2065","57,1064","","1,43%"
"22.07.2022","57,2900","56,6475","58,6150","56,4675","","1,13%"
"21.07.2022","56,6475","55,0200","58,7705","54,7700","","2,96%"
"20.07.2022","55,0200","55,4525","55,4525","54,5875","","-0,78%"
"19.07.2022","55,4525","56,3400","56,3866","54,8736","","-1,58%"
"18.07.2022","56,3400","57,1650","57,1778","56,2582","","-1,44%"
"15.07.2022","57,1650","58,3000","58,9198","56,7484","","-1,95%"
"14.07.2022","58,3000","58,2700","58,5987","57,7610","","0,05%"
"13.07.2022","58,2700","58,9400","59,1300","57,9387","","-1,14%"
"12.07.2022","58,9400","58,9000","59,4844","57,2149","","0,07%"
"11.07.2022","58,9000","60,9200","61,8074","58,7975","","-3,32%"
"08.07.2022","60,9200","61,9500","61,9600","60,8643","","-1,66%"
"07.07.2022","61,9500","63,3500","64,3475","61,6322","","-2,21%"
"06.07.2022","63,3500","61,1500","64,5988","61,1500","","3,60%"
"05.07.2022","61,1500","55,2400","62,2557","55,2400","","10,70%"
"04.07.2022","55,2400","54,5000","56,4654","54,5000","","1,36%"
"01.07.2022","54,5000","51,4500","55,8160","51,3998","","5,93%"
"30.06.2022","51,4500","53,2375","53,4526","51,2728","","-3,36%"
"29.06.2022","53,2375","51,8000","53,3200","50,1006","","2,78%"
"28.06.2022","51,8000","53,3850","53,4047","51,6521","","-2,97%"
"27.06.2022","53,3850","53,4000","54,3906","53,0883","","-0,03%"
"24.06.2022","53,4000","53,4650","53,7326","53,1045","","-0,12%"
"23.06.2022","53,4650","53,1500","53,8338","52,9124","","0,59%"
"22.06.2022","53,1500","53,7750","53,7869","52,8660","","-1,16%"
"21.06.2022","53,7750","55,6300","55,8200","53,7750","","-3,33%"
"20.06.2022","55,6300","56,4100","56,8177","55,4836","","-1,38%"
"17.06.2022","56,4100","56,5000","57,0300","56,1600","","-0,16%"
"16.06.2022","56,5000","56,9600","57,2116","56,4495","","-0,81%"
"15.06.2022","56,9600","56,6000","57,1675","56,3803","","0,64%"
"14.06.2022","56,6000","56,8000","58,2705","55,7575","","-0,35%"
"10.06.2022","56,8000","59,3500","59,5083","56,2981","","-4,30%"
"09.06.2022","59,3500","59,4000","59,7349","57,4360","","-0,08%"
"08.06.2022","59,4000","61,0425","61,0611","59,0738","","-2,69%"
"07.06.2022","61,0425","61,0175","61,4900","60,4127","","0,04%"
"06.06.2022","61,0175","60,9500","61,8650","60,5390","","0,11%"
"03.06.2022","60,9500","61,6500","62,4923","60,3200","","-1,14%"
"02.06.2022","61,6500","61,2800","61,9080","60,9310","","0,60%"
"01.06.2022","61,2800","61,5000","62,1038","61,0503","","-0,36%"
"31.05.2022","61,5000","62,2500","63,3017","60,5851","","-1,20%"
"30.05.2022","62,2500","66,7000","66,7132","61,0948","","-6,67%"
"27.05.2022","66,7000","65,2600","67,4457","64,9001","","2,21%"
"26.05.2022","65,2600","59,3300","65,6223","59,3300","","9,99%"
"25.05.2022","59,3300","56,8000","60,0026","55,8383","","4,45%"
"24.05.2022","56,8000","57,8675","57,8675","56,2853","","-1,84%"
"23.05.2022","57,8675","60,2325","60,2827","57,2048","","-3,93%"
"20.05.2022","60,2325","61,9050","61,9050","57,1250","","-2,70%"
"19.05.2022","61,9050","63,4450","63,6000","61,5747","","-2,43%"
"18.05.2022","63,4450","63,6000","64,0300","63,0010","","-0,24%"
"17.05.2022","63,6000","63,4000","63,9696","63,1746","","0,32%"
"16.05.2022","63,4000","64,5450","64,5450","62,7741","","-1,77%"
"13.05.2022","64,5450","63,3000","65,4048","62,7525","","1,97%"
"12.05.2022","63,3000","67,2000","67,3975","63,2048","","-5,80%"
"11.05.2022","67,2000","69,4025","70,2000","66,5280","","-3,17%"
"09.05.2022","69,4025","69,4025","69,4025","69,4025","","0,00%"
"06.05.2022","69,4025","67,0000","70,1875","66,0889","","3,59%"
"05.05.2022","67,0000","66,3000","67,6598","66,0101","","1,06%"
"04.05.2022","66,3000","70,9600","70,9600","66,3000","","-6,57%"
"03.05.2022","70,9600","70,9600","70,9600","70,9600","","0,00%"
"29.04.2022","70,9600","72,0800","72,3403","70,3221","","-1,55%"
"28.04.2022","72,0800","72,7800","72,7800","71,7339","","-0,96%"
"27.04.2022","72,7800","73,5250","73,5250","72,5362","","-1,01%"
"26.04.2022","73,5250","73,1250","73,5250","72,2853","","0,55%"
"25.04.2022","73,1250","75,4500","75,4508","72,9369","","-3,08%"
"22.04.2022","75,4500","74,7850","75,8633","72,7221","","0,89%"
"21.04.2022","74,7850","76,4125","76,6139","73,3933","","-2,13%"
"20.04.2022","76,4125","78,5150","78,5347","74,7780","","-2,68%"
"19.04.2022","78,5150","79,7500","79,7500","78,0211","","-1,55%"
"18.04.2022","79,7500","79,9950","80,3522","78,7800","","-0,31%"
"15.04.2022","79,9950","80,8975","80,8991","79,2471","","-1,12%"
"14.04.2022","80,8975","79,8675","82,3836","79,5570","","1,29%"
"13.04.2022","79,8675","79,6800","80,2965","79,4078","","0,24%"
"12.04.2022","79,6800","79,0650","80,2549","78,6952","","0,78%"
"11.04.2022","79,0650","76,0800","81,2950","76,0800","","3,92%"
"08.04.2022","76,0800","75,7500","76,2590","71,3993","","0,44%"
"07.04.2022","75,7500","79,7000","79,7134","74,7532","","-4,96%"
"06.04.2022","79,7000","83,3125","83,6375","79,1975","","-4,34%"
"05.04.2022","83,3125","84,0000","84,0000","82,7885","","-0,82%"
"04.04.2022","84,0000","83,9500","84,9917","83,0201","","0,06%"
"01.04.2022","83,9500","83,2000","84,2991","83,1494","","0,90%"
"31.03.2022","83,2000","84,5500","84,5500","83,1100","","-1,60%"
"30.03.2022","84,5500","85,2500","85,2500","83,0119","","-0,82%"
"29.03.2022","85,2500","89,7500","89,7500","82,9525","","-5,01%"
"28.03.2022","89,7500","96,0000","96,0000","89,1301","","-6,51%"
"25.03.2022","96,0000","97,0000","97,4680","93,0750","","-1,03%"
"24.03.2022","97,0000","97,7375","97,7400","95,5604","","-0,75%"
"23.03.2022","97,7375","103,5500","104,4980","97,6000","","-5,61%"
"22.03.2022","103,5500","104,0000","104,3450","103,4399","","-0,43%"
"21.03.2022","104,0000","104,8200","105,6525","103,9968","","-0,78%"
"18.03.2022","104,8200","103,1500","105,5971","101,9980","","1,62%"
"17.03.2022","103,1500","108,0000","108,0000","103,0114","","-4,49%"
"16.03.2022","108,0000","110,1000","110,1000","107,3175","","-1,91%"
"15.03.2022","110,1000","114,1025","114,1025","109,2500","","-3,51%"
"14.03.2022","114,1025","114,2525","115,5952","110,1071","","-0,13%"
"11.03.2022","114,2525","118,5000","118,5075","113,3485","","-3,58%"
"10.03.2022","118,5000","120,0000","121,2100","116,0000","","-1,25%"
"09.03.2022","120,0000","113,8825","120,8300","113,8825","","-5,88%"
"08.03.2022","127,5000","129,0000","141,5000","121,0000","","-10,84%"
"07.03.2022","143,0000","120,0000","158,3000","125,5000","","16,70%"
"04.03.2022","122,5375","109,7500","128,0165","99,9200","","11,50%"
"03.03.2022","109,8960","102,7500","118,6885","96,5175","","6,85%"
"02.03.2022","102,8505","108,5000","115,5500","95,4750","","-5,24%"
"01.03.2022","108,5435","102,2500","118,5235","89,3985","","2,36%"
"28.02.2022","106,0405","107,6462","115,4163","92,9310","","0,73%"
"25.02.2022","105,2710","84,4255","105,2710","81,2302","","25,25%"
"24.02.2022","84,0475","81,1600","90,1896","80,5225","","3,57%"
"23.02.2022","81,1480","78,8300","81,8605","78,5456","","3,24%"
"22.02.2022","78,5987","80,1485","80,9408","78,4972","","-1,77%"
"21.02.2022","80,0170","77,9465","80,3438","76,1358","","3,47%"
"18.02.2022","77,3320","76,3088","77,4832","75,6440","","1,34%"
"17.02.2022","76,3088","75,2537","76,6241","75,2525","","1,40%"
"16.02.2022","75,2537","75,3519","75,3665","74,8532","","-0,13%"
"15.02.2022","75,3519","76,7799","76,7870","75,1262","","-1,86%"
"14.02.2022","76,7799","77,1905","78,0675","75,9325","","-0,53%"
"11.02.2022","77,1905","75,0216","77,5925","74,8215","","2,89%"
"10.02.2022","75,0216","74,7189","75,0417","74,2873","","0,41%"
"09.02.2022","74,7189","75,0091","75,0706","74,5020","","-0,39%"
"08.02.2022","75,0091","75,4971","75,5533","74,9978","","-0,65%"
"07.02.2022","75,4971","75,8385","76,0590","75,3971","","-0,45%"
"04.02.2022","75,8385","76,5108","76,5108","75,6604","","-0,88%"
"03.02.2022","76,5108","76,2911","76,8093","76,1473","","0,61%"
"02.02.2022","76,0472","76,8603","76,8800","75,6935","","-1,06%"
"01.02.2022","76,8603","77,3792","77,3792","76,4645","","-0,67%"
"31.01.2022","77,3792","77,8279","77,8314","77,2718","","-0,58%"
"28.01.2022","77,8279","78,0065","78,2870","77,4150","","-0,23%"
"27.01.2022","78,0065","79,4960","79,7310","77,4233","","-1,87%"
"26.01.2022","79,4960","78,6456","80,3251","78,5324","","1,08%"
"25.01.2022","78,6456","78,7860","79,3147","78,3099","","-0,18%"
"24.01.2022","78,7860","77,4485","79,4754","76,9856","","1,73%"
"21.01.2022","77,4485","76,6814","77,5318","76,2921","","1,00%"
"20.01.2022","76,6814","76,2065","76,7738","76,0106","","0,62%"
"19.01.2022","76,2065","76,9350","77,1589","75,8714","","-0,95%"
"18.01.2022","76,9350","76,1055","76,9965","76,0180","","1,09%"
"17.01.2022","76,1055","76,2202","76,7754","75,6964","","-0,15%"
"14.01.2022","76,2202","76,2755","76,9626","75,6077","","-0,07%"
"13.01.2022","76,2755","74,7154","76,5596","74,4713","","2,09%"
"12.01.2022","74,7154","74,4665","74,8940","74,3172","","0,33%"
"11.01.2022","74,4665","75,0159","75,0159","74,4198","","-0,73%"
"10.01.2022","75,0159","75,7408","75,7742","74,8564","","-0,96%"
"07.01.2022","75,7408","76,3130","76,5050","75,1076","","-0,75%"
"06.01.2022","76,3130","76,7857","77,3182","76,0446","","-0,62%"
"05.01.2022","76,7857","75,3700","76,8755","75,3700","","1,88%"
"04.01.2022","75,3700","74,5508","75,5754","74,4400","","1,10%"
"03.01.2022","74,5508","74,6539","75,1858","74,1898","","-0,14%"
"30.12.2021","74,6539","74,0000","75,1295","74,0000","","0,88%"
"29.12.2021","74,0000","73,7359","74,1919","73,5559","","0,36%"
"28.12.2021","73,7359","73,4634","73,8769","73,3407","","0,37%"
"27.12.2021","73,4634","73,6673","73,6684","73,1070","","-0,28%"
"24.12.2021","73,6673","73,3072","73,7286","73,1447","","0,49%"
"23.12.2021","73,3072","73,7710","73,7710","73,1948","","-0,63%"
"22.12.2021","73,7710","74,0007","74,1661","73,6078","","-0,31%"
"21.12.2021","74,0007","74,1728","74,1822","73,7283","","-0,23%"
"20.12.2021","74,1728","74,1326","74,4998","74,0745","","0,05%"
"17.12.2021","74,1326","73,7575","74,2561","73,5785","","0,51%"
"16.12.2021","73,7575","73,6998","73,8587","73,3666","","0,08%"
"15.12.2021","73,6998","73,7913","74,3578","73,6753","","-0,12%"
"14.12.2021","73,7913","73,5138","73,9087","73,4085","","0,38%"
"13.12.2021","73,5138","73,3758","73,7009","73,2548","","0,19%"
"10.12.2021","73,3758","73,7411","73,7875","73,2846","","-0,50%"
"09.12.2021","73,7411","73,5993","73,7587","73,4878","","0,19%"
"08.12.2021","73,5993","74,0426","74,0600","73,5199","","-0,60%"
"07.12.2021","74,0426","74,3613","74,5261","73,8650","","-0,43%"
"06.12.2021","74,3613","73,9072","74,4477","73,5220","","0,61%"
"03.12.2021","73,9072","73,6581","73,9792","73,3438","","0,34%"
"02.12.2021","73,6581","74,2515","74,2515","73,5377","","-0,80%"
"01.12.2021","74,2515","74,0838","74,3784","73,7206","","0,23%"
"30.11.2021","74,0838","74,6111","75,1107","73,9900","","-0,71%"
"29.11.2021","74,6111","75,6100","75,6110","74,2753","","-1,32%"
"26.11.2021","75,6100","74,6918","75,8907","74,6800","","1,23%"
"25.11.2021","74,6918","74,9821","74,9904","74,4950","","-0,39%"
"24.11.2021","74,9821","74,2883","75,0379","74,1181","","0,93%"
"23.11.2021","74,2883","74,8046","75,2510","74,1610","","-0,69%"
"22.11.2021","74,8046","73,4834","75,0528","73,2186","","1,80%"
"19.11.2021","73,4834","73,0995","73,6592","72,7025","","0,53%"
"18.11.2021","73,0995","72,5452","73,3051","72,4975","","0,76%"
"17.11.2021","72,5452","73,1238","73,2580","72,3358","","-0,79%"
"16.11.2021","73,1238","72,5446","73,4902","72,3373","","0,80%"
"15.11.2021","72,5446","72,8919","72,8946","72,0259","","-0,48%"
"12.11.2021","72,8919","71,6154","73,2037","71,5177","","1,78%"
"11.11.2021","71,6154","71,2839","71,7699","70,9747","","0,47%"
"10.11.2021","71,2839","70,7175","71,3425","70,5283","","0,80%"
"09.11.2021","70,7175","71,2167","71,3432","70,6586","","-0,70%"
"08.11.2021","71,2167","71,2568","71,5142","71,1553","","-0,06%"
"05.11.2021","71,2568","71,7541","71,9532","71,0436","","-0,69%"
"03.11.2021","71,7541","71,5309","72,2493","71,3399","","0,31%"
"02.11.2021","71,5309","71,5690","71,9941","71,3872","","-0,05%"
"01.11.2021","71,5690","70,9464","71,6576","70,7361","","0,88%"
"29.10.2021","70,9464","70,2206","71,0097","70,2025","","1,03%"
"28.10.2021","70,2206","70,6361","70,7671","70,0709","","-0,59%"
"27.10.2021","70,6361","69,5439","70,6776","69,4288","","1,57%"
"26.10.2021","69,5439","69,7474","69,7776","69,2347","","-0,29%"
"25.10.2021","69,7474","70,3281","70,4947","69,7106","","-0,83%"
"22.10.2021","70,3281","71,1022","71,1477","69,9529","","-1,09%"
"21.10.2021","71,1022","70,8265","71,2969","70,8149","","0,39%"
"20.10.2021","70,8265","70,8698","71,1308","70,7850","","-0,05%"
"19.10.2021","70,8617","71,3035","71,3035","70,8155","","-0,62%"
"18.10.2021","71,3035","71,0283","71,3692","70,9752","","0,39%"
"15.10.2021","71,0283","71,3604","71,4417","70,9076","","-0,47%"
"14.10.2021","71,3604","72,0023","72,0023","71,3326","","-0,89%"
"13.10.2021","72,0023","71,8655","72,1222","71,7577","","0,19%"
"12.10.2021","71,8655","71,8700","71,9885","71,7366","","-0,01%"
"11.10.2021","71,8700","71,8892","71,8897","71,5601","","-0,03%"
"08.10.2021","71,8892","71,6867","72,0468","71,6558","","0,28%"
"07.10.2021","71,6867","72,4043","72,4712","71,6866","","-0,99%"
"06.10.2021","72,4043","72,3589","72,7185","72,3476","","0,06%"
"05.10.2021","72,3589","72,4976","72,6751","72,2749","","-0,19%"
"04.10.2021","72,4976","72,7254","72,9952","72,4194","","-0,31%"
"01.10.2021","72,7254","72,7514","73,2325","72,6676","","-0,04%"
"30.09.2021","72,7514","72,8545","72,9512","72,5948","","-0,14%"
"29.09.2021","72,8545","72,7750","72,9402","72,6216","","0,11%"
"28.09.2021","72,7750","72,5378","73,0239","72,4113","","0,33%"
"27.09.2021","72,5378","72,7358","72,7358","72,4467","","-0,27%"
"24.09.2021","72,7358","72,8258","73,0719","72,7116","","-0,12%"
"23.09.2021","72,8258","73,0185","73,0185","72,5741","","-0,26%"
"22.09.2021","73,0185","73,0868","73,1085","72,6134","","-0,09%"
"21.09.2021","73,0868","73,4628","73,5050","72,9684","","-0,51%"
"20.09.2021","73,4628","72,8628","73,6184","72,8525","","0,82%"
"17.09.2021","72,8628","72,5456","72,9395","72,4713","","0,44%"
"16.09.2021","72,5456","72,2914","72,6210","72,2914","","0,35%"
"15.09.2021","72,2914","72,9103","73,0708","72,2500","","-0,85%"
"14.09.2021","72,9103","72,6412","72,9804","72,5727","","0,37%"
"13.09.2021","72,6412","73,1879","73,2159","72,6395","","-0,75%"
"10.09.2021","73,1879","72,9789","73,2142","72,6897","","0,29%"
"09.09.2021","72,9789","73,1484","73,2935","72,8278","","-0,23%"
"08.09.2021","73,1484","73,2829","73,5275","73,1484","","-0,18%"
"07.09.2021","73,2829","72,9965","73,3836","72,9249","","0,39%"
"06.09.2021","72,9965","72,7310","73,0583","72,7222","","0,37%"
"03.09.2021","72,7310","72,8758","72,9285","72,5841","","-0,20%"
"02.09.2021","72,8758","72,9640","73,0525","72,7032","","-0,12%"
"01.09.2021","72,9640","73,2274","73,2905","72,8046","","-0,36%"
"31.08.2021","73,2274","73,5048","73,5062","73,2035","","-0,38%"
"30.08.2021","73,5048","73,5902","73,6822","73,4352","","-0,06%"
"27.08.2021","73,5503","74,0789","74,1983","73,5448","","-0,92%"
"26.08.2021","74,2299","74,0996","74,4626","73,9412","","0,40%"
"25.08.2021","73,9352","73,8391","74,0894","73,6679","","0,27%"
"24.08.2021","73,7360","74,0175","74,0500","73,7228","","-0,56%"
"23.08.2021","74,1489","74,0186","74,1906","74,0173","","-0,16%"
"20.08.2021","74,2646","74,1926","74,5781","74,1926","","0,13%"
"19.08.2021","74,1661","74,0347","74,3458","74,0199","","0,46%"
"18.08.2021","73,8237","73,4047","73,8640","73,3572","","0,34%"
"17.08.2021","73,5720","73,4278","73,6225","73,3534","","0,45%"
"16.08.2021","73,2434","73,3934","73,4915","73,2375","","0,03%"
"13.08.2021","73,2193","73,6186","73,6267","73,1743","","-0,53%"
"12.08.2021","73,6110","73,4633","73,6746","73,3668","","0,32%"
"11.08.2021","73,3795","73,9367","74,1367","73,3563","","-0,74%"
"10.08.2021","73,9234","73,5810","74,0438","73,5190","","0,31%"
"09.08.2021","73,6921","73,5484","73,6999","73,3749","","0,32%"
"06.08.2021","73,4602","73,0759","73,5033","73,0071","","0,51%"
"05.08.2021","73,0848","73,1619","73,2799","73,0025","","-0,08%"
"04.08.2021","73,1440","72,8583","73,2903","72,7248","","0,27%"
"03.08.2021","72,9504","72,9035","73,1885","72,7950","","-0,13%"
"02.08.2021","73,0467","73,1806","73,2176","72,6921","","-0,13%"
"30.07.2021","73,1409","73,3381","73,4310","72,8343","","-0,01%"
"29.07.2021","73,1489","73,2608","73,3425","73,0197","","-0,47%"
"28.07.2021","73,4968","73,6728","73,8333","73,3982","","-0,33%"
"27.07.2021","73,7395","73,8203","73,9364","73,5966","","0,13%"
"26.07.2021","73,6405","74,0210","74,2617","73,6203","","-0,14%"
"23.07.2021","73,7426","73,7149","73,8314","73,5240","","0,06%"
"22.07.2021","73,6974","73,8286","73,9555","73,6070","","-0,42%"
"21.07.2021","74,0119","74,4587","74,5590","73,9118","","-0,47%"
"20.07.2021","74,3593","74,5680","74,7058","74,3000","","-0,39%"
"19.07.2021","74,6509","74,2438","74,7698","74,2323","","0,77%"
"16.07.2021","74,0840","74,3140","74,3140","73,9770","","-0,37%"
"15.07.2021","74,3597","74,2049","74,4376","74,0692","","0,37%"
"14.07.2021","74,0830","74,2088","74,2727","73,9634","","-0,32%"
"13.07.2021","74,3195","74,3425","74,3945","73,8972","","-0,16%"
"12.07.2021","74,4354","74,4563","74,7762","74,3320","","0,11%"
"09.07.2021","74,3555","74,5168","74,7037","74,1805","","-0,56%"
"08.07.2021","74,7731","74,9080","75,3361","74,6445","","0,09%"
"07.07.2021","74,7066","74,1933","74,9029","73,9450","","0,35%"
"06.07.2021","74,4429","73,2464","74,5318","73,1803","","1,32%"
"05.07.2021","73,4725","73,3363","73,5955","73,2409","","0,29%"
"02.07.2021","73,2570","73,4539","73,7773","73,1565","","-0,21%"
"01.07.2021","73,4087","73,1925","73,5094","72,8178","","0,35%"
"30.06.2021","73,1522","72,7928","73,2169","72,6502","","0,53%"
"29.06.2021","72,7672","72,2542","72,8704","72,2535","","0,90%"
"28.06.2021","72,1155","72,2200","72,2860","72,1066","","-0,12%"
"25.06.2021","72,2047","72,1663","72,2695","72,0417","","-0,16%"
"24.06.2021","72,3227","72,4993","72,5133","72,1377","","-0,39%"
"23.06.2021","72,6076","72,8787","72,8788","72,3529","","-0,38%"
"22.06.2021","72,8844","73,0850","73,2912","72,8247","","-0,35%"
"21.06.2021","73,1372","72,9883","73,3248","72,9104","","0,44%"
"18.06.2021","72,8175","72,3759","72,8593","72,0935","","0,68%"
"17.06.2021","72,3255","72,6117","72,6473","72,0933","","-0,38%"
"16.06.2021","72,6047","72,1510","72,6810","71,6702","","0,59%"
"15.06.2021","72,1801","71,9120","72,3476","71,7391","","0,11%"
"14.06.2021","72,1015","72,0819","72,3500","72,0421","","-0,02%"
"11.06.2021","72,1126","71,7292","72,2550","71,5630","","0,47%"
"10.06.2021","71,7738","72,2573","72,2573","71,7049","","-0,74%"
"09.06.2021","72,3117","72,2188","72,3708","72,0030","","0,03%"
"08.06.2021","72,2935","72,8754","72,9074","72,2733","","-0,72%"
"07.06.2021","72,8164","72,9192","73,0483","72,7664","","0,04%"
"04.06.2021","72,7878","73,3098","73,3180","72,7742","","-0,62%"
"03.06.2021","73,2447","73,2377","73,3403","73,0530","","0,13%"
"02.06.2021","73,1472","73,5857","73,7045","73,1132","","-0,49%"
"01.06.2021","73,5110","73,2636","73,6738","73,1205","","0,10%"
"31.05.2021","73,4341","73,3293","73,4720","73,2502","","0,37%"
"28.05.2021","73,1646","73,5933","73,6945","73,1646","","-0,44%"
"27.05.2021","73,4885","73,5638","73,5822","73,3270","","-0,02%"
"26.05.2021","73,5012","73,3518","73,7124","73,3411","","0,00%"
"25.05.2021","73,5014","73,3611","73,5611","73,2099","","0,04%"
"24.05.2021","73,4700","73,5999","73,8438","73,4273","","-0,21%"
"21.05.2021","73,6222","73,5383","73,6686","73,3656","","0,14%"
"20.05.2021","73,5218","73,6896","73,7810","73,4623","","-0,34%"
"19.05.2021","73,7722","73,6437","73,8798","73,5487","","0,08%"
"18.05.2021","73,7118","73,7099","73,9400","73,5638","","-0,12%"
"17.05.2021","73,8023","73,8937","74,1075","73,7625","","-0,28%"
"14.05.2021","74,0079","73,9795","74,0653","73,7367","","-0,06%"
"13.05.2021","74,0554","74,4115","74,5024","73,8389","","-0,79%"
"12.05.2021","74,6465","74,1154","74,6682","73,9320","","0,72%"
"11.05.2021","74,1117","74,2380","74,3075","73,8390","","-0,32%"
"10.05.2021","74,3512","73,6910","74,3513","73,5555","","0,75%"
"07.05.2021","73,7955","74,3114","74,3135","73,5504","","-0,60%"
"06.05.2021","74,2400","74,7727","74,7825","74,2081","","-0,83%"
"05.05.2021","74,8614","74,8817","74,9908","74,6075","","0,00%"
"04.05.2021","74,8595","75,1859","75,3481","74,7284","","-0,46%"
"30.04.2021","75,2073","74,5422","75,2363","74,5074","","0,77%"
"29.04.2021","74,6300","74,4498","74,7304","74,2151","","0,30%"
"28.04.2021","74,4065","74,9507","74,9970","74,3648","","-0,67%"
"27.04.2021","74,9065","75,0820","75,1489","74,7897","","-0,13%"
"26.04.2021","75,0048","74,8592","75,1055","74,6468","","0,03%"
"23.04.2021","74,9806","75,1611","75,2581","74,6812","","-0,59%"
"22.04.2021","75,4239","76,6829","76,6853","75,2482","","-1,56%"
"21.04.2021","76,6218","76,7572","77,0138","76,3572","","-0,25%"
"20.04.2021","76,8116","76,1329","77,0422","75,9461","","0,59%"
"19.04.2021","76,3583","76,1267","76,4365","76,0341","","0,70%"
"16.04.2021","75,8268","75,9991","76,0446","75,3355","","-0,67%"
"15.04.2021","76,3372","77,1213","77,5003","76,1159","","0,60%"
"14.04.2021","75,8828","75,5451","75,9595","75,4927","","-0,07%"
"13.04.2021","75,9373","77,3836","77,5298","75,8361","","-1,85%"
"12.04.2021","77,3698","77,5479","77,7246","77,0863","","-0,03%"
"09.04.2021","77,3964","77,1468","77,4650","77,0543","","0,70%"
"08.04.2021","76,8609","76,8713","77,3710","76,6469","","-0,15%"
"07.04.2021","76,9759","77,4451","78,0207","76,8872","","-0,37%"
"06.04.2021","77,2618","76,2596","77,3281","76,1915","","1,14%"
"05.04.2021","76,3881","76,4563","76,7152","76,0163","","-0,17%"
"02.04.2021","76,5160","76,1073","76,5160","75,9329","","0,33%"
"01.04.2021","76,2673","75,6500","76,4267","75,6493","","0,75%"
"31.03.2021","75,6987","75,8512","75,8783","75,2353","","-0,20%"
"30.03.2021","75,8495","75,4640","76,1723","75,4606","","0,24%"
"29.03.2021","75,6648","75,7698","76,0998","75,5728","","0,00%"
"26.03.2021","75,6633","75,8623","76,1875","75,6101","","-0,69%"
"25.03.2021","76,1870","76,3019","76,5839","75,7438","","-0,51%"
"24.03.2021","76,5795","76,6242","76,6440","75,7161","","0,26%"
"23.03.2021","76,3799","75,2078","76,3965","75,1212","","1,94%"
"22.03.2021","74,9227","74,3970","75,0791","74,3418","","1,08%"
"19.03.2021","74,1213","74,4060","74,4342","73,7650","","-0,26%"
"18.03.2021","74,3129","73,6095","74,3989","73,4488","","0,93%"
"17.03.2021","73,6311","73,0552","74,1925","72,9935","","1,04%"
"16.03.2021","72,8728","72,9298","73,0556","72,5404","","0,08%"
"15.03.2021","72,8170","73,4262","73,4406","72,8170","","-0,70%"
"12.03.2021","73,3335","73,5659","73,7261","73,2348","","0,04%"
"11.03.2021","73,3037","73,6618","73,8572","73,1935","","-0,41%"
"10.03.2021","73,6031","74,0919","74,1268","73,6005","","-0,41%"
"09.03.2021","73,9083","74,2287","74,5191","73,7870","","-0,43%"
"05.03.2021","74,2287","74,7030","74,7585","74,1230","","-0,63%"
"04.03.2021","74,7030","73,8005","74,9435","73,3583","","0,98%"
"03.03.2021","73,9755","73,9228","74,0529","73,4099","","0,22%"
"02.03.2021","73,8165","74,4741","74,7195","73,6246","","-0,48%"
"01.03.2021","74,1739","74,6196","74,6300","73,9062","","-0,60%"
"26.02.2021","74,6196","74,7301","74,9156","74,2633","","-0,15%"
"25.02.2021","74,7301","73,5305","74,8223","73,3677","","1,63%"
"24.02.2021","73,5305","74,3130","74,3130","73,4157","","-1,05%"
"22.02.2021","74,3130","74,0500","75,0445","74,0500","","0,35%"
"20.02.2021","74,0545","74,1116","74,1706","73,8806","","-0,08%"
"19.02.2021","74,1116","73,9036","74,1953","73,8043","","0,28%"
"18.02.2021","73,9036","73,7194","74,1567","73,5538","","0,25%"
"17.02.2021","73,7194","73,6533","74,1871","73,5556","","0,09%"
"16.02.2021","73,6533","73,3225","73,8965","73,1509","","0,45%"
"15.02.2021","73,3225","73,7114","73,7175","73,1566","","-0,53%"
"12.02.2021","73,7114","73,6155","74,4614","73,5170","","0,13%"
"11.02.2021","73,6155","73,9408","73,9450","73,5357","","-0,44%"
"10.02.2021","73,9408","73,8836","74,0047","73,6327","","0,08%"
"09.02.2021","73,8836","74,3034","74,3034","73,8723","","-0,56%"
"08.02.2021","74,3034","74,6528","74,6528","74,1570","","-0,47%"
"05.02.2021","74,6528","75,5065","75,5065","74,5365","","-1,13%"
"04.02.2021","75,5065","75,9423","76,0430","75,3199","","-0,57%"
"03.02.2021","75,9423","76,2240","76,2821","75,7821","","-0,37%"
"02.02.2021","76,2240","76,1354","76,2261","75,3236","","0,12%"
"01.02.2021","76,1354","75,7404","76,1860","75,3592","","0,52%"
"29.01.2021","75,7404","75,9592","76,3330","75,2508","","-0,29%"
"28.01.2021","75,9592","75,8464","76,4995","75,7025","","0,15%"
"27.01.2021","75,8464","75,0963","75,9664","74,8817","","1,00%"
"26.01.2021","75,0963","75,3460","75,7690","74,9556","","-0,33%"
"25.01.2021","75,3460","75,2899","75,8454","74,6421","","0,07%"
"22.01.2021","75,2899","73,8340","75,3530","73,8340","","1,97%"
"21.01.2021","73,8340","73,5241","74,0539","73,2524","","0,42%"
"20.01.2021","73,5241","73,6709","73,6800","73,2252","","-0,20%"
"19.01.2021","73,6709","74,0232","74,0232","73,6034","","-0,48%"
"18.01.2021","74,0232","73,6309","74,3643","73,6309","","0,53%"
"15.01.2021","73,6309","73,2179","73,8708","73,2100","","0,56%"
"14.01.2021","73,2179","73,7649","73,9952","73,1215","","-0,74%"
"13.01.2021","73,7649","73,5369","73,9703","73,3923","","0,31%"
"12.01.2021","73,5369","74,6691","74,6691","73,5057","","-1,52%"
"11.01.2021","74,6691","74,1636","74,9882","74,1545","","0,68%"
"08.01.2021","74,1636","73,9221","74,8097","73,8582","","0,33%"
"06.01.2021","73,9221","74,0283","74,1920","73,4184","","-0,14%"
"05.01.2021","74,0283","74,3051","75,1970","73,8609","","-0,37%"
"04.01.2021","74,3051","74,4121","74,4150","73,0857","","-0,14%"
"30.12.2020","74,4121","74,0354","74,9649","73,6495","","0,51%"
"29.12.2020","74,0354","73,7570","74,0882","73,3793","","0,38%"
"28.12.2020","73,7570","74,1956","74,1956","73,5498","","-0,59%"
"25.12.2020","74,1956","73,8873","74,2233","73,6338","","0,42%"
"24.12.2020","73,8873","75,0744","75,1465","73,8750","","-1,58%"
"23.12.2020","75,0744","75,8958","75,9100","74,7382","","-1,08%"
"22.12.2020","75,8958","74,8058","75,8983","74,8000","","1,46%"
"21.12.2020","74,8058","73,3477","75,4339","73,3464","","1,99%"
"18.12.2020","73,3477","72,8620","73,8658","72,8620","","0,67%"
"17.12.2020","72,8620","73,3497","73,3504","72,6629","","-0,66%"
"16.12.2020","73,3497","73,3824","73,7033","73,2609","","-0,04%"
"15.12.2020","73,3824","73,8683","73,8722","73,3256","","-0,66%"
"14.12.2020","73,8683","72,9572","73,9742","72,8020","","1,25%"
"11.12.2020","72,9572","73,0484","73,3939","72,9042","","-0,12%"
"10.12.2020","73,0484","73,8723","73,8915","72,9875","","-1,12%"
"09.12.2020","73,8723","73,5166","74,0410","73,1700","","0,48%"
"08.12.2020","73,5166","73,6484","73,8387","73,0598","","-0,18%"
"07.12.2020","73,6484","74,0634","74,5031","73,3032","","-0,56%"
"04.12.2020","74,0634","74,4431","74,4500","73,7716","","-0,51%"
"03.12.2020","74,4431","75,0718","75,3725","74,2960","","-0,84%"
"02.12.2020","75,0718","75,8453","75,9375","75,0718","","-1,02%"
"01.12.2020","75,8453","76,4033","76,4123","75,5635","","-0,73%"
"30.11.2020","76,4033","75,8605","76,5633","75,8084","","0,72%"
"27.11.2020","75,8605","75,7072","76,3024","75,6560","","0,20%"
"26.11.2020","75,7072","75,5406","75,7497","75,3270","","0,22%"
"25.11.2020","75,5406","75,4715","75,9678","75,3325","","0,09%"
"24.11.2020","75,4715","76,1755","76,1755","75,3620","","-0,92%"
"23.11.2020","76,1755","76,1924","76,5025","75,5883","","-0,02%"
"20.11.2020","76,1924","76,0553","76,2618","75,8693","","0,18%"
"19.11.2020","76,0553","76,0511","76,6023","76,0497","","0,01%"
"18.11.2020","76,0511","76,2305","76,3149","75,5415","","-0,24%"
"17.11.2020","76,2305","76,1698","76,6608","76,1371","","0,08%"
"16.11.2020","76,1698","77,4023","77,4023","76,1698","","-1,59%"
"13.11.2020","77,4023","77,3496","77,6973","77,1855","","0,07%"
"12.11.2020","77,3496","77,1139","77,5357","76,6478","","0,31%"
"11.11.2020","77,1139","76,5700","77,1805","76,0648","","0,71%"
"10.11.2020","76,5700","76,3064","76,8763","76,1413","","0,35%"
"09.11.2020","76,3064","77,4158","77,4158","75,7712","","-1,43%"
"06.11.2020","77,4158","77,0264","77,9096","76,9942","","0,51%"
"05.11.2020","77,0264","79,3552","79,3552","76,7948","","-2,93%"
"03.11.2020","79,3552","80,5386","80,5500","79,0757","","-1,47%"
"02.11.2020","80,5386","79,5257","80,9205","79,5257","","1,27%"
"30.10.2020","79,5257","78,8685","79,5680","78,7848","","0,83%"
"29.10.2020","78,8685","79,2242","79,5905","78,6219","","-0,45%"
"28.10.2020","79,2242","77,3059","79,2268","77,3059","","2,48%"
"27.10.2020","77,3059","76,4950","77,3084","76,2755","","1,06%"
"26.10.2020","76,4950","76,1235","76,6070","76,0220","","0,49%"
"23.10.2020","76,1235","76,6168","76,8063","76,1201","","-0,64%"
"22.10.2020","76,6168","76,7229","77,1922","76,3880","","-0,14%"
"21.10.2020","76,7229","77,3423","77,3423","76,5874","","-0,80%"
"20.10.2020","77,3423","77,6500","78,0559","77,2907","","-0,40%"
"19.10.2020","77,6500","77,8938","78,0495","77,4447","","-0,31%"
"16.10.2020","77,8938","78,0885","78,3478","77,7567","","-0,25%"
"15.10.2020","78,0885","77,6328","78,4517","77,6325","","0,59%"
"14.10.2020","77,6328","77,0491","77,7270","77,0491","","0,76%"
"13.10.2020","77,0491","77,1449","77,4149","76,8830","","-0,12%"
"12.10.2020","77,1449","76,7675","77,2465","76,7657","","0,49%"
"09.10.2020","76,7675","77,3714","77,3714","76,6833","","-0,78%"
"08.10.2020","77,3714","78,0320","78,0988","77,3003","","-0,85%"
"07.10.2020","78,0320","78,4490","78,4723","77,9158","","-0,53%"
"06.10.2020","78,4490","78,1055","78,6503","77,6405","","0,44%"
"05.10.2020","78,1055","78,1851","78,8535","77,8652","","-0,10%"
"02.10.2020","78,1851","77,3346","78,8023","77,3225","","1,10%"
"01.10.2020","77,3346","77,6319","77,6319","77,0253","","-0,38%"
"30.09.2020","77,6319","79,0732","79,3410","77,5793","","-1,82%"
"29.09.2020","79,0732","79,0566","79,9438","78,4795","","0,02%"
"28.09.2020","79,0566","78,2164","79,2906","78,1315","","1,07%"
"25.09.2020","78,2164","77,1487","78,4860","76,6545","","1,38%"
"24.09.2020","77,1487","77,0808","77,4752","76,9096","","0,09%"
"23.09.2020","77,0808","76,0992","77,0925","76,0992","","1,29%"
"22.09.2020","76,0992","76,1224","76,4473","75,7379","","-0,03%"
"21.09.2020","76,1224","75,7440","76,5350","75,5799","","0,50%"
"18.09.2020","75,7440","75,2033","75,7638","74,9502","","0,72%"
"17.09.2020","75,2033","74,9778","75,4382","74,9358","","0,30%"
"16.09.2020","74,9778","75,0223","75,0979","74,6624","","-0,06%"
"15.09.2020","75,0223","75,2574","75,3668","74,8622","","-0,31%"
"14.09.2020","75,2574","75,1000","75,5145","74,5940","","0,22%"
"11.09.2020","75,0956","75,2048","75,2048","74,7645","","-0,15%"
"10.09.2020","75,2048","75,3163","75,6695","74,6810","","-0,15%"
"09.09.2020","75,3163","76,2826","76,3873","75,2898","","-1,27%"
"08.09.2020","76,2826","75,7585","76,5688","75,7328","","0,69%"
"07.09.2020","75,7585","75,4087","76,2455","75,4087","","0,46%"